DECLARE
  table_count1 NUMBER;
  table_count2 NUMBER;
  table_count3 NUMBER;  
  table_count4 NUMBER;
BEGIN
  SELECT COUNT(*) INTO table_count1 FROM user_tables WHERE table_name = 'NHANVIEN';
  SELECT COUNT(*) INTO table_count2 FROM user_tables WHERE table_name = 'PHONGBAN';
  SELECT COUNT(*) INTO table_count3 FROM user_tables WHERE table_name = 'DEAN';
  SELECT COUNT(*) INTO table_count3 FROM user_tables WHERE table_name = 'PHANCONG';
  
  IF table_count1 > 0 THEN
    EXECUTE IMMEDIATE 'DROP TABLE NHANVIEN';
  END IF;
  
  IF table_count2 > 0 THEN
    EXECUTE IMMEDIATE 'DROP TABLE PHONGBAN';
  END IF;
  
  IF table_count3 > 0 THEN
    EXECUTE IMMEDIATE 'DROP TABLE DEAN';
  END IF;
  
  IF table_count4 > 0 THEN
    EXECUTE IMMEDIATE 'DROP TABLE PHANCONG';
  END IF;
END;
/


--TAO BANG NHAN VIEN
create table NHANVIEN(
    MANV VARCHAR(10) PRIMARY KEY,
    TENNV NVARCHAR2(30),
    PHAI VARCHAR(10),
    NGAYSINH DATE,
    DIACHI NVARCHAR2(30),
    SODT VARCHAR(10),
    LUONG VARCHAR(100),
    PHUCAP VARCHAR(100),
    VAITRO NVARCHAR2(30),
    MANQL VARCHAR2(10),
    PHG VARCHAR2(10),
    FOREIGN KEY (MANQL) REFERENCES NHANVIEN (MANV),
    FOREIGN KEY(PHG) REFERENCES PHONGBAN(MAPB)
);

-- NHAN VIEN
INSERT INTO NHANVIEN (MANV, TENNV, PHAI, NGAYSINH, DIACHI, SODT, LUONG, PHUCAP, VAITRO, PHG) 
VALUES ('NV001', N'Nguyễn Duy Trinh', N'Nam', to_date('02/02/1991', 'DD/MM/YYYY'), N'An Hoà, Sa Đéc, Đồng Tháp,7OGGTG', '08644578413', '6761000', '599400', N'Nhân viên', 'PB0002');

INSERT INTO NHANVIEN (MANV, TENNV, PHAI, NGAYSINH, DIACHI, SODT, LUONG, PHUCAP, VAITRO, PHG) 
VALUES ('NV002', N'Nguyễn Thị Mỹ Lệ', N'Nam', to_date('10/26/1996', 'DD/MM/YYYY'), N'Xuân Trúc, Ân Thi, Hưng Yên,NB', '08479860068', '4707000', '857100', N'Nhân viên', 'PB0005');

INSERT INTO NHANVIEN (MANV, TENNV, PHAI, NGAYSINH, DIACHI, SODT, LUONG, PHUCAP, VAITRO, PHG) 
VALUES ('NV003', N'Nguyễn Thị Sang', N'Nam', to_date('07/01/1974', 'DD/MM/YYYY'), N'Phú Lạc, Tuy Phong, Bình Thuận,5RH5F', '09237932643', '80669000', '180900', N'Nhân viên', 'PB0003');

INSERT INTO NHANVIEN (MANV, TENNV, PHAI, NGAYSINH, DIACHI, SODT, LUONG, PHUCAP, VAITRO, PHG) 
VALUES ('NV004', N'Nguyễn Tần', N'Nữ', to_date('08/07/2002', 'DD/MM/YYYY'), N'Phú Phúc, Lý Nhân, Hà Nam,HZE5X', '09734303614', '43746000', '231000', N'Nhân viên', 'PB0002');

INSERT INTO NHANVIEN (MANV, TENNV, PHAI, NGAYSINH, DIACHI, SODT, LUONG, PHUCAP, VAITRO, PHG) 
VALUES ('NV005', N'Nguyễn Thị Tịch', N'Nữ', to_date('09/02/1984', 'DD/MM/YYYY'), N'Vĩnh Hiệp, Vĩnh Thạnh, Bình Định,BAJ1ZC', '09536277040', '98551000', '838600', N'Nhân viên', 'PB0007');

INSERT INTO NHANVIEN (MANV, TENNV, PHAI, NGAYSINH, DIACHI, SODT, LUONG, PHUCAP, VAITRO, PHG) 
VALUES ('NV006', N'Nguyễn Thị Phi Yến', N'Nữ', to_date('04/09/1958', 'DD/MM/YYYY'), N'Vĩnh Lộc, Chiêm Hóa, Tuyên Quang,ZX70D', '03406064448', '9115000', '413200',N'Nhân viên', 'PB0005');

INSERT INTO NHANVIEN (MANV, TENNV, PHAI, NGAYSINH, DIACHI, SODT, LUONG, PHUCAP, VAITRO, PHG) 
VALUES ('NV007', N'Nguyễn Tâm', N'Nam', to_date('07/03/1990', 'DD/MM/YYYY'), N'Đưng KNớ, Lạc Dương, Lâm Đồng,37MG', '09951208521', '1794000', '503500', N'Nhân viên', 'PB0003');

INSERT INTO NHANVIEN (MANV, TENNV, PHAI, NGAYSINH, DIACHI, SODT, LUONG, PHUCAP, VAITRO, PHG) 
VALUES ('NV008', N'Nguyễn Đức Quán', N'Nữ', to_date('12/12/1961', 'DD/MM/YYYY'), N'Nghi Liên, Vinh, Nghệ An,9PN2', '03111208816', '73602000', '464200', N'Nhân viên', 'PB0002');

INSERT INTO NHANVIEN (MANV, TENNV, PHAI, NGAYSINH, DIACHI, SODT, LUONG, PHUCAP, VAITRO, PHG) 
VALUES ('NV009', N'Nguyễn Đức Phú', N'Nam', to_date('07/08/1988', 'DD/MM/YYYY'), N'Hố Nai, Biên Hòa, Đồng Nai,VPD9H', '09226818427', '4441000', '969900', N'Nhân viên', 'PB0004');

INSERT INTO NHANVIEN (MANV, TENNV, PHAI, NGAYSINH, DIACHI, SODT, LUONG, PHUCAP, VAITRO, PHG) 
VALUES ('NV010', N'Nguyễn Thị Đông', N'Nữ', to_date('19/02/1960','DD/MM/YYYY'), N'Cẩm Yên, Thạch Thất, Hà Nội,Q6V7X', '09920722286', '81821000', '849100', N'Nhân viên', 'PB0008');

INSERT INTO NHANVIEN (MANV, TENNV, PHAI, NGAYSINH, DIACHI, SODT, LUONG, PHUCAP, VAITRO, PHG) 
VALUES ('NV011', N'Nguyễn Thế Truyền', N'Nam', to_date('06/02/1981', 'DD/MM/YYYY'), N'Tân Khang, Nông Cống, Thanh Hóa,42WX', '08002534877', '1624000', '390000',N'Nhân viên', 'PB0007');

INSERT INTO NHANVIEN (MANV, TENNV, PHAI, NGAYSINH, DIACHI, SODT, LUONG, PHUCAP, VAITRO, PHG) 
VALUES ('NV012', N'Nguyễn Tần', N'Nữ', to_date('07/01/1964', 'DD/MM/YYYY'), N'Bình Minh, Bình Giang, Hải Dương,C', '09301553677', '1946000', '798900',N'Nhân viên', 'PB0005');

INSERT INTO NHANVIEN (MANV, TENNV, PHAI, NGAYSINH, DIACHI, SODT, LUONG, PHUCAP, VAITRO, PHG) 
VALUES ('NV013', N'Nguyễn Thị Hoa Lệ', N'Nam', to_date('03/08/1995', 'DD/MM/YYYY'), N'Thành Minh, Thạch Thành, Thanh Hóa,PVI3V1', '03839757928', '79268000', '307800', N'Nhân viên', 'PB0006');

INSERT INTO NHANVIEN (MANV, TENNV, PHAI, NGAYSINH, DIACHI, SODT, LUONG, PHUCAP, VAITRO, PHG) 
VALUES ('NV014', N'Nguyễn Thí', N'Nam', to_date('03/12/1985', 'DD/MM/YYYY'), N'Nghĩa Tiến, Thái Hoà, Nghệ An,YVQCN', '08090040774', '8694000', '79268000', N'Nhân viên', 'PB0007');

INSERT INTO NHANVIEN (MANV, TENNV, PHAI, NGAYSINH, DIACHI, SODT, LUONG, PHUCAP, VAITRO, PHG) 
VALUES ('NV015', N'Nguyễn Nhị', N'Nữ', to_date('10/11/1953', 'DD/MM/YYYY'), N'Cao Sơn, Đà Bắc, Hoà Bình,1O', '03006906301', '57841000', '354900', N'Nhân viên', 'PB0004');

INSERT INTO NHANVIEN (MANV, TENNV, PHAI, NGAYSINH, DIACHI, SODT, LUONG, PHUCAP, VAITRO, PHG) 
VALUES ('NV016', N'Nguyễn Thị Phi Yến', N'Nữ', to_date('12/06/2000','DD/MM/YYYY'), N'Quảng Tân, Đầm Hà, Quảng Ninh,O7QV39', '03295324693', '62922000', '944600', N'Nhân viên', 'PB0006');

INSERT INTO NHANVIEN (MANV, TENNV, PHAI, NGAYSINH, DIACHI, SODT, LUONG, PHUCAP, VAITRO, PHG) 
VALUES ('NV017', N'Nguyễn Đức Chuồi', N'Nữ', to_date('06/05/1975','DD/MM/YYYY'), N'Hoằng Đồng, Hoằng Hóa, Thanh Hóa,LCI', '03016715671', '12038000', '854600', N'Nhân viên', 'PB0001');

INSERT INTO NHANVIEN (MANV, TENNV, PHAI, NGAYSINH, DIACHI, SODT, LUONG, PHUCAP, VAITRO, PHG) 
VALUES ('NV018', N'Nguyễn Thị Nga', N'Nam', to_date('10/01/1967', 'DD/MM/YYYY'), N'Trần Hưng Đạo, Thái Bình, Thái Bình,H', '09514482420', '8306000', '412400', N'Nhân viên', 'PB0002');

INSERT INTO NHANVIEN (MANV, TENNV, PHAI, NGAYSINH, DIACHI, SODT, LUONG, PHUCAP, VAITRO, PHG) 
VALUES ('NV019', N'Nguyễn Thị Chín', N'Nam', to_date('02/12/1971', 'DD/MM/YYYY'), N'Hòa Thành, Đông Hòa, Phú Yên,', '08790629422', '4452000', '216000',N'Nhân viên', 'PB0008');

INSERT INTO NHANVIEN (MANV, TENNV, PHAI, NGAYSINH, DIACHI, SODT, LUONG, PHUCAP, VAITRO, PHG) 
VALUES ('NV020', N'Nguyễn Tứ', N'Nữ', to_date('10/06/1970','DD/MM/YYYY'), N'Phương Phú, Phụng Hiệp, Hậu Giang,V', '03574504948', '93146000', '300300', N'Nhân viên', 'PB0002');

INSERT INTO NHANVIEN (MANV, TENNV, PHAI, NGAYSINH, DIACHI, SODT, LUONG, PHUCAP, VAITRO, PHG) 
VALUES ('NV021', N'Nguyễn Đức Hồng Y', N'Nam', to_date('09/11/1995', 'DD/MM/YYYY'), N'Hòa Tiến, Hòa Vang, Đà Nẵng,R', '08434801976', '67365000', '161400', N'Nhân viên', 'PB0008');

INSERT INTO NHANVIEN (MANV, TENNV, PHAI, NGAYSINH, DIACHI, SODT, LUONG, PHUCAP, VAITRO, PHG) 
VALUES ('NV022', N'Nguyễn Phận', N'Nam', to_date('10/02/1993', 'DD/MM/YYYY'), N'Mường Lống, Kỳ Sơn, Nghệ An,', '08023874368', '1581000', '539300', N'Nhân viên', 'PB0005');

INSERT INTO NHANVIEN (MANV, TENNV, PHAI, NGAYSINH, DIACHI, SODT, LUONG, PHUCAP, VAITRO, PHG) 
VALUES ('NV023', N'Nguyễn Vinh', N'Nữ', to_date('10/06/1986', 'DD/MM/YYYY'), N'Quý Hòa, Lạc Sơn, Hoà Bình,33QTB', '08680912117', '6080000', '818300', N'Nhân viên', 'PB0006');

INSERT INTO NHANVIEN (MANV, TENNV, PHAI, NGAYSINH, DIACHI, SODT, LUONG, PHUCAP, VAITRO, PHG) 
VALUES ('NV024', N'Nguyễn Đức Tín', N'Nam', to_date('03/11/1954', 'DD/MM/YYYY'), N'Gio Hải, Gio Linh, Quảng Trị,KFWU8', '08251255129', '45835000', '919000', N'Nhân viên', 'PB0006');

INSERT INTO NHANVIEN (MANV, TENNV, PHAI, NGAYSINH, DIACHI, SODT, LUONG, PHUCAP, VAITRO, PHG) 
VALUES ('NV025', N'Nguyễn Thị Phương Thảo', N'Nam', to_date('11/11/1998', 'DD/MM/YYYY'), N'Ngọc Liên, Cẩm Giàng, Hải Dương,SXICWC', '08879588682', '44483000', '433400', N'Nhân viên', 'PB0006');

INSERT INTO NHANVIEN (MANV, TENNV, PHAI, NGAYSINH, DIACHI, SODT, LUONG, PHUCAP, VAITRO, PHG) 
VALUES ('NV026', N'Nguyễn Thị Kim Khuê', N'Nam', to_date('12/03/1983', 'DD/MM/YYYY'), N'Lai Hòa, Vĩnh Châu, Sóc Trăng,TZ', '08018342161', '6170000', '319600', N'Nhân viên', 'PB0008');

INSERT INTO NHANVIEN (MANV, TENNV, PHAI, NGAYSINH, DIACHI, SODT, LUONG, PHUCAP, VAITRO, PHG) 
VALUES ('NV027', N'Nguyễn Thị Tiến', N'Nam', to_date('12/09/1970', 'DD/MM/YYYY'), N'Hòa Đông, Krông Pắc, Đắk Lắk,Z', '03644385014', '46315000', '239600', N'Nhân viên', 'PB0008');

INSERT INTO NHANVIEN (MANV, TENNV, PHAI, NGAYSINH, DIACHI, SODT, LUONG, PHUCAP, VAITRO, PHG) 
VALUES ('NV028', N'Nguyễn Thị Hiền', N'Nam', to_date('08/07/1980', 'DD/MM/YYYY'), N'Quang Kim, Bát Xát, Lào Cai,U4', '08251066687', '6810000', '191600', N'Nhân viên', 'PB0005');

INSERT INTO NHANVIEN (MANV, TENNV, PHAI, NGAYSINH, DIACHI, SODT, LUONG, PHUCAP, VAITRO, PHG) 
VALUES ('NV029', N'Nguyễn Đức Khách', N'Nữ', to_date('05/08/1980', 'DD/MM/YYYY'), N'Chơn Thành, Chơn Thành, Bình Phước,RB7TL4', '08005252127', '7585000', '331500',N'Nhân viên', 'PB0005');


INSERT INTO NHANVIEN (MANV, TENNV, PHAI, NGAYSINH, DIACHI, SODT, LUONG, PHUCAP, VAITRO, PHG) 
VALUES ('NV030', N'Nguyễn Đức Quinh', N'Nữ', to_date('05/08/1980', 'DD/MM/YYYY'), N'Chơn Thành, Chơn Thành, Bình Phước,RB7TL4', '08005252127', '7585000', '331500',N'Nhân viên', 'PB0005');

-- quản lí trực tiếp
INSERT INTO NHANVIEN (MANV, TENNV, PHAI, NGAYSINH, DIACHI, SODT, LUONG, PHUCAP, VAITRO, PHG) 
VALUES ('NV031', N'Nguyễn Thị Sáu', N'Nam', to_date('10/01/1967', 'DD/MM/YYYY'), N'Trần Hưng Đạo, Thái Bình, Thái Bình,H', '09514482420', '8306000', '412400', N'QL trực tiếp', 'PB0002');

INSERT INTO NHANVIEN (MANV, TENNV, PHAI, NGAYSINH, DIACHI, SODT, LUONG, PHUCAP, VAITRO, PHG) 
VALUES ('NV032', N'Nguyễn Thị Tám', N'Nam', to_date('02/12/1971', 'DD/MM/YYYY'), N'Hòa Thành, Đông Hòa, Phú Yên,', '08790629422', '4452000', '216000',N'QL trực tiếp', 'PB0008');

INSERT INTO NHANVIEN (MANV, TENNV, PHAI, NGAYSINH, DIACHI, SODT, LUONG, PHUCAP, VAITRO, PHG) 
VALUES ('NV033', N'Nguyễn Năm', N'Nữ', to_date('10/06/1970','DD/MM/YYYY'), N'Phương Phú, Phụng Hiệp, Hậu Giang,V', '03574504948', '93146000', '300300', N'QL trực tiếp', 'PB0002');

INSERT INTO NHANVIEN (MANV, TENNV, PHAI, NGAYSINH, DIACHI, SODT, LUONG, PHUCAP, VAITRO, PHG) 
VALUES ('NV034', N'Nguyễn Đức Hồng Tùng', N'Nam', to_date('09/11/1995', 'DD/MM/YYYY'), N'Hòa Tiến, Hòa Vang, Đà Nẵng,R', '08434801976', '67365000', '161400', N'QL trực tiếp', 'PB0008');

INSERT INTO NHANVIEN (MANV, TENNV, PHAI, NGAYSINH, DIACHI, SODT, LUONG, PHUCAP, VAITRO, PHG) 
VALUES ('NV035', N'Nguyễn Hoa', N'Nam', to_date('10/02/1993', 'DD/MM/YYYY'), N'Mường Lống, Kỳ Sơn, Nghệ An,', '08023874368', '1581000', '539300', N'QL trực tiếp', 'PB0005');

INSERT INTO NHANVIEN (MANV, TENNV, PHAI, NGAYSINH, DIACHI, SODT, LUONG, PHUCAP, VAITRO, PHG) 
VALUES ('NV036', N'Nguyễn Trường', N'Nữ', to_date('10/06/1986', 'DD/MM/YYYY'), N'Quý Hòa, Lạc Sơn, Hoà Bình,33QTB', '08680912117', '6080000', '818300', N'QL trực tiếp', 'PB0006');

INSERT INTO NHANVIEN (MANV, TENNV, PHAI, NGAYSINH, DIACHI, SODT, LUONG, PHUCAP, VAITRO, PHG) 
VALUES ('NV037', N'Nguyễn Đức Hảo', N'Nam', to_date('03/11/1954', 'DD/MM/YYYY'), N'Gio Hải, Gio Linh, Quảng Trị,KFWU8', '08251255129', '45835000', '919000', N'QL trực tiếp', 'PB0006');

INSERT INTO NHANVIEN (MANV, TENNV, PHAI, NGAYSINH, DIACHI, SODT, LUONG, PHUCAP, VAITRO, PHG) 
VALUES ('NV038', N'Nguyễn Thị Phương Tứ', N'Nam', to_date('11/11/1998', 'DD/MM/YYYY'), N'Ngọc Liên, Cẩm Giàng, Hải Dương,SXICWC', '08879588682', '44483000', '433400', N'QL trực tiếp', 'PB0006');

INSERT INTO NHANVIEN (MANV, TENNV, PHAI, NGAYSINH, DIACHI, SODT, LUONG, PHUCAP, VAITRO, PHG) 
VALUES ('NV039', N'Nguyễn Thị Kim Ngân', N'Nam', to_date('12/03/1983', 'DD/MM/YYYY'), N'Lai Hòa, Vĩnh Châu, Sóc Trăng,TZ', '08018342161', '6170000', '319600', N'QL trực tiếp', 'PB0008');

INSERT INTO NHANVIEN (MANV, TENNV, PHAI, NGAYSINH, DIACHI, SODT, LUONG, PHUCAP, VAITRO, PHG) 
VALUES ('NV040', N'Nguyễn Thị Sinh', N'Nam', to_date('12/09/1970', 'DD/MM/YYYY'), N'Hòa Đông, Krông Pắc, Đắk Lắk,Z', '03644385014', '46315000', '239600', N'QL trực tiếp', 'PB0008');

-- Trưởng phòng 

INSERT INTO NHANVIEN (MANV, TENNV, PHAI, NGAYSINH, DIACHI, SODT, LUONG, PHUCAP, VAITRO, PHG) 
VALUES ('NV041', N'Nguyễn Hoàng', N'Nam', to_date('10/02/1993', 'DD/MM/YYYY'), N'Mường Lống, Kỳ Sơn, Nghệ An,', '08023874368', '1581000', '539300', N'Trưởng phòng', 'PB0005');

INSERT INTO NHANVIEN (MANV, TENNV, PHAI, NGAYSINH, DIACHI, SODT, LUONG, PHUCAP, VAITRO, PHG) 
VALUES ('NV042', N'Nguyễn Na', N'Nữ', to_date('10/06/1986', 'DD/MM/YYYY'), N'Quý Hòa, Lạc Sơn, Hoà Bình,33QTB', '08680912117', '6080000', '818300', N'Trưởng phòng', 'PB0006');

INSERT INTO NHANVIEN (MANV, TENNV, PHAI, NGAYSINH, DIACHI, SODT, LUONG, PHUCAP, VAITRO, PHG) 
VALUES ('NV043', N'Nguyễn Đức Đệ', N'Nam', to_date('03/11/1954', 'DD/MM/YYYY'), N'Gio Hải, Gio Linh, Quảng Trị,KFWU8', '08251255129', '45835000', '919000', N'Trưởng phòng', 'PB0006');

INSERT INTO NHANVIEN (MANV, TENNV, PHAI, NGAYSINH, DIACHI, SODT, LUONG, PHUCAP, VAITRO, PHG) 
VALUES ('NV044', N'Nguyễn Thị Phương Đan', N'Nam', to_date('11/11/1998', 'DD/MM/YYYY'), N'Ngọc Liên, Cẩm Giàng, Hải Dương,SXICWC', '08879588682', '44483000', '433400', N'Trưởng phòng', 'PB0006');

INSERT INTO NHANVIEN (MANV, TENNV, PHAI, NGAYSINH, DIACHI, SODT, LUONG, PHUCAP, VAITRO, PHG) 
VALUES ('NV045', N'Nguyễn Thị Kim Huỳnh', N'Nam', to_date('12/03/1983', 'DD/MM/YYYY'), N'Lai Hòa, Vĩnh Châu, Sóc Trăng,TZ', '08018342161', '6170000', '319600', N'Trưởng phòng', 'PB0008');

INSERT INTO NHANVIEN (MANV, TENNV, PHAI, NGAYSINH, DIACHI, SODT, LUONG, PHUCAP, VAITRO, PHG) 
VALUES ('NV046', N'Nguyễn Thị Nam', N'Nam', to_date('12/09/1970', 'DD/MM/YYYY'), N'Hòa Đông, Krông Pắc, Đắk Lắk,Z', '03644385014', '46315000', '239600', N'Trưởng phòng', 'PB0008');

-- Tài Chính
INSERT INTO NHANVIEN (MANV, TENNV, PHAI, NGAYSINH, DIACHI, SODT, LUONG, PHUCAP, VAITRO, PHG) 
VALUES ('NV047', N'Nguyễn Thị Thử Nghiệm', N'Nam', to_date('02/12/1971', 'DD/MM/YYYY'), N'Hòa Thành, Đông Hòa, Phú Yên,', '08790629422', '4452000', '216000',N'Tài chính', 'PB0008');

INSERT INTO NHANVIEN (MANV, TENNV, PHAI, NGAYSINH, DIACHI, SODT, LUONG, PHUCAP, VAITRO, PHG) 
VALUES ('NV048', N'Nguyễn Tứ Xuyên', N'Nữ', to_date('10/06/1970','DD/MM/YYYY'), N'Phương Phú, Phụng Hiệp, Hậu Giang,V', '03574504948', '93146000', '300300', N'Tài chính', 'PB0002');

INSERT INTO NHANVIEN (MANV, TENNV, PHAI, NGAYSINH, DIACHI, SODT, LUONG, PHUCAP, VAITRO, PHG) 
VALUES ('NV049', N'Nguyễn Đức Hồng Đỏ', N'Nam', to_date('09/11/1995', 'DD/MM/YYYY'), N'Hòa Tiến, Hòa Vang, Đà Nẵng,R', '08434801976', '67365000', '161400', N'Tài chính', 'PB0008');

INSERT INTO NHANVIEN (MANV, TENNV, PHAI, NGAYSINH, DIACHI, SODT, LUONG, PHUCAP, VAITRO, PHG) 
VALUES ('NV050', N'Nguyễn văn Hữu Nghĩa', N'Nam', to_date('10/02/1993', 'DD/MM/YYYY'), N'Mường Lống, Kỳ Sơn, Nghệ An,', '08023874368', '1581000', '539300', N'Tài chính', 'PB0005');

INSERT INTO NHANVIEN (MANV, TENNV, PHAI, NGAYSINH, DIACHI, SODT, LUONG, PHUCAP, VAITRO, PHG) 
VALUES ('NV051', N'Nguyễn Ngọc Chấu', N'Nữ', to_date('10/06/1986', 'DD/MM/YYYY'), N'Quý Hòa, Lạc Sơn, Hoà Bình,33QTB', '08680912117', '6080000', '818300', N'Tài chính', 'PB0006');

INSERT INTO NHANVIEN (MANV, TENNV, PHAI, NGAYSINH, DIACHI, SODT, LUONG, PHUCAP, VAITRO, PHG) 
VALUES ('NV052', N'Nguyễn Đức Tín Dụng Cụ', N'Nam', to_date('03/11/1954', 'DD/MM/YYYY'), N'Gio Hải, Gio Linh, Quảng Trị,KFWU8', '08251255129', '45835000', '919000', N'Tài chính', 'PB0006');

INSERT INTO NHANVIEN (MANV, TENNV, PHAI, NGAYSINH, DIACHI, SODT, LUONG, PHUCAP, VAITRO, PHG) 
VALUES ('NV053', N'Nguyễn Thị Sở Khanh', N'Nam', to_date('11/11/1998', 'DD/MM/YYYY'), N'Ngọc Liên, Cẩm Giàng, Hải Dương,SXICWC', '08879588682', '44483000', '433400', N'Tài chính', 'PB0006');

INSERT INTO NHANVIEN (MANV, TENNV, PHAI, NGAYSINH, DIACHI, SODT, LUONG, PHUCAP, VAITRO, PHG) 
VALUES ('NV054', N'Nguyễn Triều Đinh', N'Nam', to_date('12/03/1983', 'DD/MM/YYYY'), N'Lai Hòa, Vĩnh Châu, Sóc Trăng,TZ', '08018342161', '6170000', '319600', N'Tài chính', 'PB0008');

-- NHAN SU 

INSERT INTO NHANVIEN (MANV, TENNV, PHAI, NGAYSINH, DIACHI, SODT, LUONG, PHUCAP, VAITRO, PHG) 
VALUES ('NV055', N'Nguyễn Thế Truyền Thái Y', N'Nam', to_date('06/02/1981', 'DD/MM/YYYY'), N'Tân Khang, Nông Cống, Thanh Hóa,42WX', '08002534877', '1624000', '390000',N'Nhân sự', 'PB0007');

INSERT INTO NHANVIEN (MANV, TENNV, PHAI, NGAYSINH, DIACHI, SODT, LUONG, PHUCAP, VAITRO, PHG) 
VALUES ('NV056', N'Nguyễn Tần Xuất', N'Nữ', to_date('07/01/1964', 'DD/MM/YYYY'), N'Bình Minh, Bình Giang, Hải Dương,C', '09301553677', '1946000', '798900',N'Nhân sự', 'PB0005');

INSERT INTO NHANVIEN (MANV, TENNV, PHAI, NGAYSINH, DIACHI, SODT, LUONG, PHUCAP, VAITRO, PHG) 
VALUES ('NV057', N'Nguyễn Thị Hoa Lệ Rơi', N'Nam', to_date('03/08/1995', 'DD/MM/YYYY'), N'Thành Minh, Thạch Thành, Thanh Hóa,PVI3V1', '03839757928', '79268000', '307800', N'Nhân sự', 'PB0006');

INSERT INTO NHANVIEN (MANV, TENNV, PHAI, NGAYSINH, DIACHI, SODT, LUONG, PHUCAP, VAITRO, PHG) 
VALUES ('NV058', N'Nguyễn Thí la', N'Nam', to_date('03/12/1985', 'DD/MM/YYYY'), N'Nghĩa Tiến, Thái Hoà, Nghệ An,YVQCN', '08090040774', '8694000', '79268000', N'Nhân sự', 'PB0007');

INSERT INTO NHANVIEN (MANV, TENNV, PHAI, NGAYSINH, DIACHI, SODT, LUONG, PHUCAP, VAITRO, PHG) 
VALUES ('NV059', N'Nguyễn Nhị lạ', N'Nữ', to_date('10/11/1953', 'DD/MM/YYYY'), N'Cao Sơn, Đà Bắc, Hoà Bình,1O', '03006906301', '57841000', '354900', N'Nhân sự', 'PB0004');

INSERT INTO NHANVIEN (MANV, TENNV, PHAI, NGAYSINH, DIACHI, SODT, LUONG, PHUCAP, VAITRO, PHG) 
VALUES ('NV060', N'Nguyễn Thị Phi Yến Nhi', N'Nữ', to_date('12/06/2023','DD/MM/YYYY'), N'Quảng Tân, Đầm Hà, Quảng Ninh,O7QV39', '03295324693', '62922000', '944600',N'Nhân sự', 'PB0006');

INSERT INTO NHANVIEN (MANV, TENNV, PHAI, NGAYSINH, DIACHI, SODT, LUONG, PHUCAP, VAITRO, PHG) 
VALUES ('NV061', N'Nguyễn Đức Chuồi Chuối', N'Nữ', to_date('06/05/1975','DD/MM/YYYY'), N'Hoằng Đồng, Hoằng Hóa, Thanh Hóa,LCI', '03016715671', '12038000', '854600', N'Nhân sự', 'PB0001');

-- Trưởng đề án 
INSERT INTO NHANVIEN (MANV, TENNV, PHAI, NGAYSINH, DIACHI, SODT, LUONG, PHUCAP, VAITRO, PHG) 
VALUES ('NV062', N'Nguyễn Duy', N'Nam', to_date('02/02/1991', 'DD/MM/YYYY'), N'An Hoà, Sa Đéc, Đồng Tháp,7OGGTG', '08644578413', '6761000', '599400', N'trưởng đề án', 'PB0002');

INSERT INTO NHANVIEN (MANV, TENNV, PHAI, NGAYSINH, DIACHI, SODT, LUONG, PHUCAP, VAITRO, PHG) 
VALUES ('NV063', N'Nguyễn Thị Mỹ', N'Nam', to_date('10/26/1996', 'DD/MM/YYYY'), N'Xuân Trúc, Ân Thi, Hưng Yên,NB', '08479860068', '4707000', '857100', N'trưởng đề án', 'PB0005');

INSERT INTO NHANVIEN (MANV, TENNV, PHAI, NGAYSINH, DIACHI, SODT, LUONG, PHUCAP, VAITRO, PHG) 
VALUES ('NV064', N'Nguyễn Thị', N'Nam', to_date('07/01/1974', 'DD/MM/YYYY'), N'Phú Lạc, Tuy Phong, Bình Thuận,5RH5F', '09237932643', '80669000', '180900', N'trưởng đề án', 'PB0003');

INSERT INTO NHANVIEN (MANV, TENNV, PHAI, NGAYSINH, DIACHI, SODT, LUONG, PHUCAP, VAITRO, PHG) 
VALUES ('NV065', N'Nguyễn Tần Cu', N'Nữ', to_date('08/07/2002', 'DD/MM/YYYY'), N'Phú Phúc, Lý Nhân, Hà Nam,HZE5X', '09734303614', '43746000', '231000', N'trưởng đề án', 'PB0002');

INSERT INTO NHANVIEN (MANV, TENNV, PHAI, NGAYSINH, DIACHI, SODT, LUONG, PHUCAP, VAITRO, PHG) 
VALUES ('NV066', N'Nguyễn Thị Quốc Tịch', N'Nữ', to_date('09/02/1984', 'DD/MM/YYYY'), N'Vĩnh Hiệp, Vĩnh Thạnh, Bình Định,BAJ1ZC', '09536277040', '98551000', '838600', N'trưởng đề án', 'PB0007');

INSERT INTO NHANVIEN (MANV, TENNV, PHAI, NGAYSINH, DIACHI, SODT, LUONG, PHUCAP, VAITRO, PHG) 
VALUES ('NV067', N'Nguyễn Thị Phi Lý', N'Nữ', to_date('04/09/1958', 'DD/MM/YYYY'), N'Vĩnh Lộc, Chiêm Hóa, Tuyên Quang,ZX70D', '03406064448', '9115000', '413200',N'trưởng đề án', 'PB0005');

-- Ban giám đốc 

INSERT INTO NHANVIEN (MANV, TENNV, PHAI, NGAYSINH, DIACHI, SODT, LUONG, PHUCAP, VAITRO, PHG) 
VALUES ('NVHIEP', N'Trịnh Hữu Hiệp', N'Nam', to_date('01/01/2002', 'DD/MM/YYYY'), N'Vĩnh Lộc, Chiêm Hóa, Tuyên Quang,ZX70D', '03406064448', '9115000', '413200',N'Ban giám đốc', 'PB0005');

--TAO BANG PHONG BAN
CREATE TABLE PHONGBAN(
    MAPB VARCHAR(10) PRIMARY KEY,
    TENPB NVARCHAR2(30),
    TRPHG VARCHAR(10),
    FOREIGN KEY (TRPHG) REFERENCES NHANVIEN(MANV)
);

INSERT INTO PHONGBAN (MAPB, TENPB) VALUES ('PB0001',N'Phòng kế toán','NV041');

INSERT INTO PHONGBAN (MAPB, TENPB) VALUES ('PB0002',N'Phòng kinh doanh','NV042');

INSERT INTO PHONGBAN (MAPB, TENPB) VALUES ('PB0003',N'Phòng chăm sóc khách hàng','NV042');

INSERT INTO PHONGBAN (MAPB, TENPB) VALUES ('PB0004',N'Phòng kiểm toán','NV043');

INSERT INTO PHONGBAN (MAPB, TENPB) VALUES ('PB0005',N'Phòng nhân sự','NV044');

INSERT INTO PHONGBAN (MAPB, TENPB) VALUES ('PB0006',N'Phòng công nghệ thông tin','NV045');

INSERT INTO PHONGBAN (MAPB, TENPB) VALUES ('PB0007',N'Phòng hành chính','NV046');


--TAO BANG DE AN
CREATE TABLE DEAN(
    MADA VARCHAR(10) PRIMARY KEY,
    TENDA NVARCHAR2(30),
    NGAYBD DATE,
    PHONG VARCHAR(10),
    FOREIGN KEY (PHONG) REFERENCES PHONGBAN(MAPB)
);

INSERT INTO DEAN (MADA, TENDA, NGAYBD, PHONG) 
VALUES ('DA0001', N'Xác thực quá trình đóng thuế',  to_date('12/06/2023','DD/MM/YYYY'), 'PB0001');

INSERT INTO DEAN (MADA, TENDA, NGAYBD, PHONG) 
VALUES ('DA0002', N'Xây dựng bảng quảng cáo điện tử',  to_date('12/06/2023','DD/MM/YYYY'), 'PB0002');

INSERT INTO DEAN (MADA, TENDA, NGAYBD, PHONG) 
VALUES ('DA0003', N'Nghiên cứu cải tiến đào tạo nhân sự',  to_date('12/06/2023','DD/MM/YYYY'), 'PB0003');

INSERT INTO DEAN (MADA, TENDA, NGAYBD, PHONG) 
VALUES ('DA0004', N'Tìm hiểu thiết bị công nghệ tiên tiến',  to_date('12/06/2023','DD/MM/YYYY'), 'PB0004');

INSERT INTO DEAN (MADA, TENDA, NGAYBD, PHONG) 
VALUES ('DA0005', N'Nghiên cứu cải tiến chính sách cty',  to_date('12/06/2023','DD/MM/YYYY'), 'PB0005');

INSERT INTO DEAN (MADA, TENDA, NGAYBD, PHONG) 
VALUES ('DA0006', N'Xây dựng môi trường làm việc xanh',  to_date('12/06/2023','DD/MM/YYYY'), 'PB0006');

INSERT INTO DEAN (MADA, TENDA, NGAYBD, PHONG) 
VALUES ('DA0007', N'Nghiên cứu xu hướng thị trường',  to_date('12/06/2023','DD/MM/YYYY'), 'PB0007');

--TAO BANG PHAN CONG
CREATE TABLE PHANCONG(
    MANV VARCHAR(10),
    MADA VARCHAR(10),
    THOIGIAN DATE,
    PRIMARY KEY(MANV, MADA),
    FOREIGN KEY(MANV) REFERENCES NHANVIEN(MANV),
    FOREIGN KEY(MADA) REFERENCES DEAN(MADA),
);


INSERT INTO PHANCONG (MANV, MADA, THOIGIAN)  VALUES ('NV001', 'DA0001', to_date('25/06/2023', 'DD/MM/YYYY'));

INSERT INTO PHANCONG (MANV, MADA, THOIGIAN)  VALUES ('NV001', 'DA0002', to_date('25/06/2023', 'DD/MM/YYYY'));

INSERT INTO PHANCONG (MANV, MADA, THOIGIAN)  VALUES ('NV001', 'DA0003', to_date('25/06/2023', 'DD/MM/YYYY'));

INSERT INTO PHANCONG (MANV, MADA, THOIGIAN)  VALUES ('NV001', 'DA0004', to_date('25/06/2023', 'DD/MM/YYYY'));

INSERT INTO PHANCONG (MANV, MADA, THOIGIAN)  VALUES ('NV001', 'DA0005', to_date('25/06/2023', 'DD/MM/YYYY'));


INSERT INTO PHANCONG (MANV, MADA, THOIGIAN)  VALUES ('NV002', 'DA0001', to_date('25/06/2023', 'DD/MM/YYYY'));

INSERT INTO PHANCONG (MANV, MADA, THOIGIAN)  VALUES ('NV002', 'DA0004', to_date('25/06/2023', 'DD/MM/YYYY'));

INSERT INTO PHANCONG (MANV, MADA, THOIGIAN)  VALUES ('NV002', 'DA0006', to_date('25/06/2023', 'DD/MM/YYYY'));

INSERT INTO PHANCONG (MANV, MADA, THOIGIAN)  VALUES ('NV002', 'DA0005', to_date('25/06/2023', 'DD/MM/YYYY'));





INSERT INTO PHANCONG (MANV, MADA, THOIGIAN)  VALUES ('NV003', 'DA0001', to_date('25/06/2023', 'DD/MM/YYYY'));

INSERT INTO PHANCONG (MANV, MADA, THOIGIAN)  VALUES ('NV003', 'DA0002', to_date('25/06/2023', 'DD/MM/YYYY'));

INSERT INTO PHANCONG (MANV, MADA, THOIGIAN)  VALUES ('NV003', 'DA0003', to_date('25/06/2023', 'DD/MM/YYYY'));

INSERT INTO PHANCONG (MANV, MADA, THOIGIAN)  VALUES ('NV003', 'DA0004', to_date('25/06/2023', 'DD/MM/YYYY'));

INSERT INTO PHANCONG (MANV, MADA, THOIGIAN)  VALUES ('NV003', 'DA0005', to_date('25/06/2023', 'DD/MM/YYYY'));


INSERT INTO PHANCONG (MANV, MADA, THOIGIAN)  VALUES ('NV004', 'DA0001', to_date('25/06/2023', 'DD/MM/YYYY'));

INSERT INTO PHANCONG (MANV, MADA, THOIGIAN)  VALUES ('NV004', 'DA0004', to_date('25/06/2023', 'DD/MM/YYYY'));

INSERT INTO PHANCONG (MANV, MADA, THOIGIAN)  VALUES ('NV004', 'DA0006', to_date('25/06/2023', 'DD/MM/YYYY'));

INSERT INTO PHANCONG (MANV, MADA, THOIGIAN)  VALUES ('NV004', 'DA0005', to_date('25/06/2023', 'DD/MM/YYYY'));





INSERT INTO PHANCONG (MANV, MADA, THOIGIAN)  VALUES ('NV005', 'DA0001', to_date('25/06/2023', 'DD/MM/YYYY'));

INSERT INTO PHANCONG (MANV, MADA, THOIGIAN)  VALUES ('NV005', 'DA0002', to_date('25/06/2023', 'DD/MM/YYYY'));

INSERT INTO PHANCONG (MANV, MADA, THOIGIAN)  VALUES ('NV005', 'DA0003', to_date('25/06/2023', 'DD/MM/YYYY'));

INSERT INTO PHANCONG (MANV, MADA, THOIGIAN)  VALUES ('NV005', 'DA0004', to_date('25/06/2023', 'DD/MM/YYYY'));

INSERT INTO PHANCONG (MANV, MADA, THOIGIAN)  VALUES ('NV005', 'DA0005', to_date('25/06/2023', 'DD/MM/YYYY'));


INSERT INTO PHANCONG (MANV, MADA, THOIGIAN)  VALUES ('NV006', 'DA0001', to_date('25/06/2023', 'DD/MM/YYYY'));

INSERT INTO PHANCONG (MANV, MADA, THOIGIAN)  VALUES ('NV006', 'DA0004', to_date('25/06/2023', 'DD/MM/YYYY'));

INSERT INTO PHANCONG (MANV, MADA, THOIGIAN)  VALUES ('NV006', 'DA0006', to_date('25/06/2023', 'DD/MM/YYYY'));

INSERT INTO PHANCONG (MANV, MADA, THOIGIAN)  VALUES ('NV006', 'DA0005', to_date('25/06/2023', 'DD/MM/YYYY'));





INSERT INTO PHANCONG (MANV, MADA, THOIGIAN)  VALUES ('NV007', 'DA0001', to_date('25/06/2023', 'DD/MM/YYYY'));

INSERT INTO PHANCONG (MANV, MADA, THOIGIAN)  VALUES ('NV007', 'DA0002', to_date('25/06/2023', 'DD/MM/YYYY'));

INSERT INTO PHANCONG (MANV, MADA, THOIGIAN)  VALUES ('NV007', 'DA0003', to_date('25/06/2023', 'DD/MM/YYYY'));

INSERT INTO PHANCONG (MANV, MADA, THOIGIAN)  VALUES ('NV007', 'DA0004', to_date('25/06/2023', 'DD/MM/YYYY'));

INSERT INTO PHANCONG (MANV, MADA, THOIGIAN)  VALUES ('NV007', 'DA0005', to_date('25/06/2023', 'DD/MM/YYYY'));


INSERT INTO PHANCONG (MANV, MADA, THOIGIAN)  VALUES ('NV008', 'DA0001', to_date('25/06/2023', 'DD/MM/YYYY'));

INSERT INTO PHANCONG (MANV, MADA, THOIGIAN)  VALUES ('NV008', 'DA0004', to_date('25/06/2023', 'DD/MM/YYYY'));

INSERT INTO PHANCONG (MANV, MADA, THOIGIAN)  VALUES ('NV008', 'DA0006', to_date('25/06/2023', 'DD/MM/YYYY'));

INSERT INTO PHANCONG (MANV, MADA, THOIGIAN)  VALUES ('NV008', 'DA0005', to_date('25/06/2023', 'DD/MM/YYYY'));





INSERT INTO PHANCONG (MANV, MADA, THOIGIAN)  VALUES ('NV009', 'DA0001', to_date('25/06/2023', 'DD/MM/YYYY'));

INSERT INTO PHANCONG (MANV, MADA, THOIGIAN)  VALUES ('NV009', 'DA0002', to_date('25/06/2023', 'DD/MM/YYYY'));

INSERT INTO PHANCONG (MANV, MADA, THOIGIAN)  VALUES ('NV009', 'DA0003', to_date('25/06/2023', 'DD/MM/YYYY'));

INSERT INTO PHANCONG (MANV, MADA, THOIGIAN)  VALUES ('NV009', 'DA0004', to_date('25/06/2023', 'DD/MM/YYYY'));

INSERT INTO PHANCONG (MANV, MADA, THOIGIAN)  VALUES ('NV009', 'DA0005', to_date('25/06/2023', 'DD/MM/YYYY'));


INSERT INTO PHANCONG (MANV, MADA, THOIGIAN)  VALUES ('NV010', 'DA0001', to_date('25/06/2023', 'DD/MM/YYYY'));

INSERT INTO PHANCONG (MANV, MADA, THOIGIAN)  VALUES ('NV010', 'DA0004', to_date('25/06/2023', 'DD/MM/YYYY'));

INSERT INTO PHANCONG (MANV, MADA, THOIGIAN)  VALUES ('NV010', 'DA0006', to_date('25/06/2023', 'DD/MM/YYYY'));

INSERT INTO PHANCONG (MANV, MADA, THOIGIAN)  VALUES ('NV010', 'DA0005', to_date('25/06/2023', 'DD/MM/YYYY'));





INSERT INTO PHANCONG (MANV, MADA, THOIGIAN)  VALUES ('NV011', 'DA0001', to_date('25/06/2023', 'DD/MM/YYYY'));

INSERT INTO PHANCONG (MANV, MADA, THOIGIAN)  VALUES ('NV011', 'DA0002', to_date('25/06/2023', 'DD/MM/YYYY'));

INSERT INTO PHANCONG (MANV, MADA, THOIGIAN)  VALUES ('NV011', 'DA0003', to_date('25/06/2023', 'DD/MM/YYYY'));

INSERT INTO PHANCONG (MANV, MADA, THOIGIAN)  VALUES ('NV011', 'DA0004', to_date('25/06/2023', 'DD/MM/YYYY'));

INSERT INTO PHANCONG (MANV, MADA, THOIGIAN)  VALUES ('NV011', 'DA0005', to_date('25/06/2023', 'DD/MM/YYYY'));


INSERT INTO PHANCONG (MANV, MADA, THOIGIAN)  VALUES ('NV012', 'DA0001', to_date('25/06/2023', 'DD/MM/YYYY'));

INSERT INTO PHANCONG (MANV, MADA, THOIGIAN)  VALUES ('NV012', 'DA0004', to_date('25/06/2023', 'DD/MM/YYYY'));

INSERT INTO PHANCONG (MANV, MADA, THOIGIAN)  VALUES ('NV012', 'DA0006', to_date('25/06/2023', 'DD/MM/YYYY'));

INSERT INTO PHANCONG (MANV, MADA, THOIGIAN)  VALUES ('NV012', 'DA0005', to_date('25/06/2023', 'DD/MM/YYYY'));





INSERT INTO PHANCONG (MANV, MADA, THOIGIAN)  VALUES ('NV013', 'DA0001', to_date('25/06/2023', 'DD/MM/YYYY'));

INSERT INTO PHANCONG (MANV, MADA, THOIGIAN)  VALUES ('NV013', 'DA0002', to_date('25/06/2023', 'DD/MM/YYYY'));

INSERT INTO PHANCONG (MANV, MADA, THOIGIAN)  VALUES ('NV013', 'DA0003', to_date('25/06/2023', 'DD/MM/YYYY'));

INSERT INTO PHANCONG (MANV, MADA, THOIGIAN)  VALUES ('NV013', 'DA0004', to_date('25/06/2023', 'DD/MM/YYYY'));

INSERT INTO PHANCONG (MANV, MADA, THOIGIAN)  VALUES ('NV013', 'DA0005', to_date('25/06/2023', 'DD/MM/YYYY'));


INSERT INTO PHANCONG (MANV, MADA, THOIGIAN)  VALUES ('NV014', 'DA0001', to_date('25/06/2023', 'DD/MM/YYYY'));

INSERT INTO PHANCONG (MANV, MADA, THOIGIAN)  VALUES ('NV014', 'DA0004', to_date('25/06/2023', 'DD/MM/YYYY'));

INSERT INTO PHANCONG (MANV, MADA, THOIGIAN)  VALUES ('NV014', 'DA0006', to_date('25/06/2023', 'DD/MM/YYYY'));

INSERT INTO PHANCONG (MANV, MADA, THOIGIAN)  VALUES ('NV014', 'DA0005', to_date('25/06/2023', 'DD/MM/YYYY'));





INSERT INTO PHANCONG (MANV, MADA, THOIGIAN)  VALUES ('NV015', 'DA0001', to_date('25/06/2023', 'DD/MM/YYYY'));

INSERT INTO PHANCONG (MANV, MADA, THOIGIAN)  VALUES ('NV015', 'DA0002', to_date('25/06/2023', 'DD/MM/YYYY'));

INSERT INTO PHANCONG (MANV, MADA, THOIGIAN)  VALUES ('NV015', 'DA0003', to_date('25/06/2023', 'DD/MM/YYYY'));

INSERT INTO PHANCONG (MANV, MADA, THOIGIAN)  VALUES ('NV015', 'DA0004', to_date('25/06/2023', 'DD/MM/YYYY'));

INSERT INTO PHANCONG (MANV, MADA, THOIGIAN)  VALUES ('NV015', 'DA0005', to_date('25/06/2023', 'DD/MM/YYYY'));


INSERT INTO PHANCONG (MANV, MADA, THOIGIAN)  VALUES ('NV016', 'DA0001', to_date('25/06/2023', 'DD/MM/YYYY'));

INSERT INTO PHANCONG (MANV, MADA, THOIGIAN)  VALUES ('NV016', 'DA0004', to_date('25/06/2023', 'DD/MM/YYYY'));

INSERT INTO PHANCONG (MANV, MADA, THOIGIAN)  VALUES ('NV016', 'DA0006', to_date('25/06/2023', 'DD/MM/YYYY'));

INSERT INTO PHANCONG (MANV, MADA, THOIGIAN)  VALUES ('NV016', 'DA0005', to_date('25/06/2023', 'DD/MM/YYYY'));





INSERT INTO PHANCONG (MANV, MADA, THOIGIAN)  VALUES ('NV017', 'DA0001', to_date('25/06/2023', 'DD/MM/YYYY'));

INSERT INTO PHANCONG (MANV, MADA, THOIGIAN)  VALUES ('NV017', 'DA0002', to_date('25/06/2023', 'DD/MM/YYYY'));

INSERT INTO PHANCONG (MANV, MADA, THOIGIAN)  VALUES ('NV017', 'DA0003', to_date('25/06/2023', 'DD/MM/YYYY'));

INSERT INTO PHANCONG (MANV, MADA, THOIGIAN)  VALUES ('NV017', 'DA0004', to_date('25/06/2023', 'DD/MM/YYYY'));

INSERT INTO PHANCONG (MANV, MADA, THOIGIAN)  VALUES ('NV017', 'DA0005', to_date('25/06/2023', 'DD/MM/YYYY'));


INSERT INTO PHANCONG (MANV, MADA, THOIGIAN)  VALUES ('NV018', 'DA0001', to_date('25/06/2023', 'DD/MM/YYYY'));

INSERT INTO PHANCONG (MANV, MADA, THOIGIAN)  VALUES ('NV018', 'DA0004', to_date('25/06/2023', 'DD/MM/YYYY'));

INSERT INTO PHANCONG (MANV, MADA, THOIGIAN)  VALUES ('NV018', 'DA0006', to_date('25/06/2023', 'DD/MM/YYYY'));

INSERT INTO PHANCONG (MANV, MADA, THOIGIAN)  VALUES ('NV018', 'DA0005', to_date('25/06/2023', 'DD/MM/YYYY'));





INSERT INTO PHANCONG (MANV, MADA, THOIGIAN)  VALUES ('NV019', 'DA0001', to_date('25/06/2023', 'DD/MM/YYYY'));

INSERT INTO PHANCONG (MANV, MADA, THOIGIAN)  VALUES ('NV019', 'DA0002', to_date('25/06/2023', 'DD/MM/YYYY'));

INSERT INTO PHANCONG (MANV, MADA, THOIGIAN)  VALUES ('NV019', 'DA0003', to_date('25/06/2023', 'DD/MM/YYYY'));

INSERT INTO PHANCONG (MANV, MADA, THOIGIAN)  VALUES ('NV019', 'DA0004', to_date('25/06/2023', 'DD/MM/YYYY'));

INSERT INTO PHANCONG (MANV, MADA, THOIGIAN)  VALUES ('NV019', 'DA0005', to_date('25/06/2023', 'DD/MM/YYYY'));


INSERT INTO PHANCONG (MANV, MADA, THOIGIAN)  VALUES ('NV020', 'DA0001', to_date('25/06/2023', 'DD/MM/YYYY'));

INSERT INTO PHANCONG (MANV, MADA, THOIGIAN)  VALUES ('NV020', 'DA0004', to_date('25/06/2023', 'DD/MM/YYYY'));

INSERT INTO PHANCONG (MANV, MADA, THOIGIAN)  VALUES ('NV020', 'DA0006', to_date('25/06/2023', 'DD/MM/YYYY'));

INSERT INTO PHANCONG (MANV, MADA, THOIGIAN)  VALUES ('NV020', 'DA0005', to_date('25/06/2023', 'DD/MM/YYYY'));





INSERT INTO PHANCONG (MANV, MADA, THOIGIAN)  VALUES ('NV021', 'DA0001', to_date('25/06/2023', 'DD/MM/YYYY'));

INSERT INTO PHANCONG (MANV, MADA, THOIGIAN)  VALUES ('NV021', 'DA0002', to_date('25/06/2023', 'DD/MM/YYYY'));

INSERT INTO PHANCONG (MANV, MADA, THOIGIAN)  VALUES ('NV021', 'DA0003', to_date('25/06/2023', 'DD/MM/YYYY'));

INSERT INTO PHANCONG (MANV, MADA, THOIGIAN)  VALUES ('NV021', 'DA0004', to_date('25/06/2023', 'DD/MM/YYYY'));

INSERT INTO PHANCONG (MANV, MADA, THOIGIAN)  VALUES ('NV021', 'DA0005', to_date('25/06/2023', 'DD/MM/YYYY'));


INSERT INTO PHANCONG (MANV, MADA, THOIGIAN)  VALUES ('NV022', 'DA0001', to_date('25/06/2023', 'DD/MM/YYYY'));

INSERT INTO PHANCONG (MANV, MADA, THOIGIAN)  VALUES ('NV022', 'DA0004', to_date('25/06/2023', 'DD/MM/YYYY'));

INSERT INTO PHANCONG (MANV, MADA, THOIGIAN)  VALUES ('NV022', 'DA0006', to_date('25/06/2023', 'DD/MM/YYYY'));

INSERT INTO PHANCONG (MANV, MADA, THOIGIAN)  VALUES ('NV022', 'DA0005', to_date('25/06/2023', 'DD/MM/YYYY'));





INSERT INTO PHANCONG (MANV, MADA, THOIGIAN)  VALUES ('NV023', 'DA0001', to_date('25/06/2023', 'DD/MM/YYYY'));

INSERT INTO PHANCONG (MANV, MADA, THOIGIAN)  VALUES ('NV023', 'DA0002', to_date('25/06/2023', 'DD/MM/YYYY'));

INSERT INTO PHANCONG (MANV, MADA, THOIGIAN)  VALUES ('NV023', 'DA0003', to_date('25/06/2023', 'DD/MM/YYYY'));

INSERT INTO PHANCONG (MANV, MADA, THOIGIAN)  VALUES ('NV023', 'DA0004', to_date('25/06/2023', 'DD/MM/YYYY'));

INSERT INTO PHANCONG (MANV, MADA, THOIGIAN)  VALUES ('NV023', 'DA0005', to_date('25/06/2023', 'DD/MM/YYYY'));


INSERT INTO PHANCONG (MANV, MADA, THOIGIAN)  VALUES ('NV024', 'DA0001', to_date('25/06/2023', 'DD/MM/YYYY'));

INSERT INTO PHANCONG (MANV, MADA, THOIGIAN)  VALUES ('NV024', 'DA0004', to_date('25/06/2023', 'DD/MM/YYYY'));

INSERT INTO PHANCONG (MANV, MADA, THOIGIAN)  VALUES ('NV024', 'DA0006', to_date('25/06/2023', 'DD/MM/YYYY'));

INSERT INTO PHANCONG (MANV, MADA, THOIGIAN)  VALUES ('NV024', 'DA0005', to_date('25/06/2023', 'DD/MM/YYYY'));





INSERT INTO PHANCONG (MANV, MADA, THOIGIAN)  VALUES ('NV025', 'DA0001', to_date('25/06/2023', 'DD/MM/YYYY'));

INSERT INTO PHANCONG (MANV, MADA, THOIGIAN)  VALUES ('NV025', 'DA0002', to_date('25/06/2023', 'DD/MM/YYYY'));

INSERT INTO PHANCONG (MANV, MADA, THOIGIAN)  VALUES ('NV025', 'DA0003', to_date('25/06/2023', 'DD/MM/YYYY'));

INSERT INTO PHANCONG (MANV, MADA, THOIGIAN)  VALUES ('NV025', 'DA0004', to_date('25/06/2023', 'DD/MM/YYYY'));

INSERT INTO PHANCONG (MANV, MADA, THOIGIAN)  VALUES ('NV025', 'DA0005', to_date('25/06/2023', 'DD/MM/YYYY'));


INSERT INTO PHANCONG (MANV, MADA, THOIGIAN)  VALUES ('NV026', 'DA0001', to_date('25/06/2023', 'DD/MM/YYYY'));

INSERT INTO PHANCONG (MANV, MADA, THOIGIAN)  VALUES ('NV026', 'DA0004', to_date('25/06/2023', 'DD/MM/YYYY'));

INSERT INTO PHANCONG (MANV, MADA, THOIGIAN)  VALUES ('NV026', 'DA0006', to_date('25/06/2023', 'DD/MM/YYYY'));

INSERT INTO PHANCONG (MANV, MADA, THOIGIAN)  VALUES ('NV026', 'DA0005', to_date('25/06/2023', 'DD/MM/YYYY'));





INSERT INTO PHANCONG (MANV, MADA, THOIGIAN)  VALUES ('NV027', 'DA0001', to_date('25/06/2023', 'DD/MM/YYYY'));

INSERT INTO PHANCONG (MANV, MADA, THOIGIAN)  VALUES ('NV027', 'DA0002', to_date('25/06/2023', 'DD/MM/YYYY'));

INSERT INTO PHANCONG (MANV, MADA, THOIGIAN)  VALUES ('NV027', 'DA0003', to_date('25/06/2023', 'DD/MM/YYYY'));

INSERT INTO PHANCONG (MANV, MADA, THOIGIAN)  VALUES ('NV027', 'DA0004', to_date('25/06/2023', 'DD/MM/YYYY'));

INSERT INTO PHANCONG (MANV, MADA, THOIGIAN)  VALUES ('NV027', 'DA0005', to_date('25/06/2023', 'DD/MM/YYYY'));


INSERT INTO PHANCONG (MANV, MADA, THOIGIAN)  VALUES ('NV028', 'DA0001', to_date('25/06/2023', 'DD/MM/YYYY'));

INSERT INTO PHANCONG (MANV, MADA, THOIGIAN)  VALUES ('NV028', 'DA0004', to_date('25/06/2023', 'DD/MM/YYYY'));

INSERT INTO PHANCONG (MANV, MADA, THOIGIAN)  VALUES ('NV028', 'DA0006', to_date('25/06/2023', 'DD/MM/YYYY'));

INSERT INTO PHANCONG (MANV, MADA, THOIGIAN)  VALUES ('NV028', 'DA0005', to_date('25/06/2023', 'DD/MM/YYYY'));





INSERT INTO PHANCONG (MANV, MADA, THOIGIAN)  VALUES ('NV029', 'DA0001', to_date('25/06/2023', 'DD/MM/YYYY'));

INSERT INTO PHANCONG (MANV, MADA, THOIGIAN)  VALUES ('NV029', 'DA0002', to_date('25/06/2023', 'DD/MM/YYYY'));

INSERT INTO PHANCONG (MANV, MADA, THOIGIAN)  VALUES ('NV029', 'DA0003', to_date('25/06/2023', 'DD/MM/YYYY'));

INSERT INTO PHANCONG (MANV, MADA, THOIGIAN)  VALUES ('NV029', 'DA0004', to_date('25/06/2023', 'DD/MM/YYYY'));

INSERT INTO PHANCONG (MANV, MADA, THOIGIAN)  VALUES ('NV029', 'DA0005', to_date('25/06/2023', 'DD/MM/YYYY'));


INSERT INTO PHANCONG (MANV, MADA, THOIGIAN)  VALUES ('NV030', 'DA0001', to_date('25/06/2023', 'DD/MM/YYYY'));

INSERT INTO PHANCONG (MANV, MADA, THOIGIAN)  VALUES ('NV030', 'DA0004', to_date('25/06/2023', 'DD/MM/YYYY'));

INSERT INTO PHANCONG (MANV, MADA, THOIGIAN)  VALUES ('NV030', 'DA0006', to_date('25/06/2023', 'DD/MM/YYYY'));

INSERT INTO PHANCONG (MANV, MADA, THOIGIAN)  VALUES ('NV030', 'DA0005', to_date('25/06/2023', 'DD/MM/YYYY'));





INSERT INTO PHANCONG (MANV, MADA, THOIGIAN)  VALUES ('NV031', 'DA0001', to_date('25/06/2023', 'DD/MM/YYYY'));

INSERT INTO PHANCONG (MANV, MADA, THOIGIAN)  VALUES ('NV031', 'DA0002', to_date('25/06/2023', 'DD/MM/YYYY'));

INSERT INTO PHANCONG (MANV, MADA, THOIGIAN)  VALUES ('NV031', 'DA0003', to_date('25/06/2023', 'DD/MM/YYYY'));

INSERT INTO PHANCONG (MANV, MADA, THOIGIAN)  VALUES ('NV031', 'DA0004', to_date('25/06/2023', 'DD/MM/YYYY'));

INSERT INTO PHANCONG (MANV, MADA, THOIGIAN)  VALUES ('NV031', 'DA0005', to_date('25/06/2023', 'DD/MM/YYYY'));


INSERT INTO PHANCONG (MANV, MADA, THOIGIAN)  VALUES ('NV032', 'DA0001', to_date('25/06/2023', 'DD/MM/YYYY'));

INSERT INTO PHANCONG (MANV, MADA, THOIGIAN)  VALUES ('NV032', 'DA0004', to_date('25/06/2023', 'DD/MM/YYYY'));

INSERT INTO PHANCONG (MANV, MADA, THOIGIAN)  VALUES ('NV032', 'DA0006', to_date('25/06/2023', 'DD/MM/YYYY'));

INSERT INTO PHANCONG (MANV, MADA, THOIGIAN)  VALUES ('NV032', 'DA0005', to_date('25/06/2023', 'DD/MM/YYYY'));





INSERT INTO PHANCONG (MANV, MADA, THOIGIAN)  VALUES ('NV033', 'DA0001', to_date('25/06/2023', 'DD/MM/YYYY'));

INSERT INTO PHANCONG (MANV, MADA, THOIGIAN)  VALUES ('NV033', 'DA0002', to_date('25/06/2023', 'DD/MM/YYYY'));

INSERT INTO PHANCONG (MANV, MADA, THOIGIAN)  VALUES ('NV033', 'DA0003', to_date('25/06/2023', 'DD/MM/YYYY'));

INSERT INTO PHANCONG (MANV, MADA, THOIGIAN)  VALUES ('NV033', 'DA0004', to_date('25/06/2023', 'DD/MM/YYYY'));

INSERT INTO PHANCONG (MANV, MADA, THOIGIAN)  VALUES ('NV033', 'DA0005', to_date('25/06/2023', 'DD/MM/YYYY'));


INSERT INTO PHANCONG (MANV, MADA, THOIGIAN)  VALUES ('NV034', 'DA0001', to_date('25/06/2023', 'DD/MM/YYYY'));

INSERT INTO PHANCONG (MANV, MADA, THOIGIAN)  VALUES ('NV034', 'DA0004', to_date('25/06/2023', 'DD/MM/YYYY'));

INSERT INTO PHANCONG (MANV, MADA, THOIGIAN)  VALUES ('NV034', 'DA0006', to_date('25/06/2023', 'DD/MM/YYYY'));

INSERT INTO PHANCONG (MANV, MADA, THOIGIAN)  VALUES ('NV034', 'DA0005', to_date('25/06/2023', 'DD/MM/YYYY'));





INSERT INTO PHANCONG (MANV, MADA, THOIGIAN)  VALUES ('NV035', 'DA0001', to_date('25/06/2023', 'DD/MM/YYYY'));

INSERT INTO PHANCONG (MANV, MADA, THOIGIAN)  VALUES ('NV035', 'DA0002', to_date('25/06/2023', 'DD/MM/YYYY'));

INSERT INTO PHANCONG (MANV, MADA, THOIGIAN)  VALUES ('NV035', 'DA0003', to_date('25/06/2023', 'DD/MM/YYYY'));

INSERT INTO PHANCONG (MANV, MADA, THOIGIAN)  VALUES ('NV035', 'DA0004', to_date('25/06/2023', 'DD/MM/YYYY'));

INSERT INTO PHANCONG (MANV, MADA, THOIGIAN)  VALUES ('NV035', 'DA0005', to_date('25/06/2023', 'DD/MM/YYYY'));


INSERT INTO PHANCONG (MANV, MADA, THOIGIAN)  VALUES ('NV036', 'DA0001', to_date('25/06/2023', 'DD/MM/YYYY'));

INSERT INTO PHANCONG (MANV, MADA, THOIGIAN)  VALUES ('NV036', 'DA0004', to_date('25/06/2023', 'DD/MM/YYYY'));

INSERT INTO PHANCONG (MANV, MADA, THOIGIAN)  VALUES ('NV036', 'DA0006', to_date('25/06/2023', 'DD/MM/YYYY'));

INSERT INTO PHANCONG (MANV, MADA, THOIGIAN)  VALUES ('NV036', 'DA0005', to_date('25/06/2023', 'DD/MM/YYYY'));





INSERT INTO PHANCONG (MANV, MADA, THOIGIAN)  VALUES ('NV037', 'DA0001', to_date('25/06/2023', 'DD/MM/YYYY'));

INSERT INTO PHANCONG (MANV, MADA, THOIGIAN)  VALUES ('NV037', 'DA0002', to_date('25/06/2023', 'DD/MM/YYYY'));

INSERT INTO PHANCONG (MANV, MADA, THOIGIAN)  VALUES ('NV037', 'DA0003', to_date('25/06/2023', 'DD/MM/YYYY'));

INSERT INTO PHANCONG (MANV, MADA, THOIGIAN)  VALUES ('NV037', 'DA0004', to_date('25/06/2023', 'DD/MM/YYYY'));

INSERT INTO PHANCONG (MANV, MADA, THOIGIAN)  VALUES ('NV037', 'DA0005', to_date('25/06/2023', 'DD/MM/YYYY'));


INSERT INTO PHANCONG (MANV, MADA, THOIGIAN)  VALUES ('NV038', 'DA0001', to_date('25/06/2023', 'DD/MM/YYYY'));

INSERT INTO PHANCONG (MANV, MADA, THOIGIAN)  VALUES ('NV038', 'DA0004', to_date('25/06/2023', 'DD/MM/YYYY'));

INSERT INTO PHANCONG (MANV, MADA, THOIGIAN)  VALUES ('NV038', 'DA0006', to_date('25/06/2023', 'DD/MM/YYYY'));

INSERT INTO PHANCONG (MANV, MADA, THOIGIAN)  VALUES ('NV038', 'DA0005', to_date('25/06/2023', 'DD/MM/YYYY'));





INSERT INTO PHANCONG (MANV, MADA, THOIGIAN)  VALUES ('NV039', 'DA0001', to_date('25/06/2023', 'DD/MM/YYYY'));

INSERT INTO PHANCONG (MANV, MADA, THOIGIAN)  VALUES ('NV039', 'DA0002', to_date('25/06/2023', 'DD/MM/YYYY'));

INSERT INTO PHANCONG (MANV, MADA, THOIGIAN)  VALUES ('NV039', 'DA0003', to_date('25/06/2023', 'DD/MM/YYYY'));

INSERT INTO PHANCONG (MANV, MADA, THOIGIAN)  VALUES ('NV039', 'DA0004', to_date('25/06/2023', 'DD/MM/YYYY'));

INSERT INTO PHANCONG (MANV, MADA, THOIGIAN)  VALUES ('NV039', 'DA0005', to_date('25/06/2023', 'DD/MM/YYYY'));


INSERT INTO PHANCONG (MANV, MADA, THOIGIAN)  VALUES ('NV040', 'DA0001', to_date('25/06/2023', 'DD/MM/YYYY'));

INSERT INTO PHANCONG (MANV, MADA, THOIGIAN)  VALUES ('NV040', 'DA0004', to_date('25/06/2023', 'DD/MM/YYYY'));

INSERT INTO PHANCONG (MANV, MADA, THOIGIAN)  VALUES ('NV040', 'DA0006', to_date('25/06/2023', 'DD/MM/YYYY'));

INSERT INTO PHANCONG (MANV, MADA, THOIGIAN)  VALUES ('NV040', 'DA0005', to_date('25/06/2023', 'DD/MM/YYYY'));





INSERT INTO PHANCONG (MANV, MADA, THOIGIAN)  VALUES ('NV041', 'DA0001', to_date('25/06/2023', 'DD/MM/YYYY'));

INSERT INTO PHANCONG (MANV, MADA, THOIGIAN)  VALUES ('NV041', 'DA0002', to_date('25/06/2023', 'DD/MM/YYYY'));

INSERT INTO PHANCONG (MANV, MADA, THOIGIAN)  VALUES ('NV041', 'DA0003', to_date('25/06/2023', 'DD/MM/YYYY'));

INSERT INTO PHANCONG (MANV, MADA, THOIGIAN)  VALUES ('NV041', 'DA0004', to_date('25/06/2023', 'DD/MM/YYYY'));

INSERT INTO PHANCONG (MANV, MADA, THOIGIAN)  VALUES ('NV041', 'DA0005', to_date('25/06/2023', 'DD/MM/YYYY'));


INSERT INTO PHANCONG (MANV, MADA, THOIGIAN)  VALUES ('NV042', 'DA0001', to_date('25/06/2023', 'DD/MM/YYYY'));

INSERT INTO PHANCONG (MANV, MADA, THOIGIAN)  VALUES ('NV042', 'DA0004', to_date('25/06/2023', 'DD/MM/YYYY'));

INSERT INTO PHANCONG (MANV, MADA, THOIGIAN)  VALUES ('NV042', 'DA0006', to_date('25/06/2023', 'DD/MM/YYYY'));

INSERT INTO PHANCONG (MANV, MADA, THOIGIAN)  VALUES ('NV042', 'DA0005', to_date('25/06/2023', 'DD/MM/YYYY'));





INSERT INTO PHANCONG (MANV, MADA, THOIGIAN)  VALUES ('NV043', 'DA0001', to_date('25/06/2023', 'DD/MM/YYYY'));

INSERT INTO PHANCONG (MANV, MADA, THOIGIAN)  VALUES ('NV043', 'DA0002', to_date('25/06/2023', 'DD/MM/YYYY'));

INSERT INTO PHANCONG (MANV, MADA, THOIGIAN)  VALUES ('NV043', 'DA0003', to_date('25/06/2023', 'DD/MM/YYYY'));

INSERT INTO PHANCONG (MANV, MADA, THOIGIAN)  VALUES ('NV043', 'DA0004', to_date('25/06/2023', 'DD/MM/YYYY'));

INSERT INTO PHANCONG (MANV, MADA, THOIGIAN)  VALUES ('NV043', 'DA0005', to_date('25/06/2023', 'DD/MM/YYYY'));


INSERT INTO PHANCONG (MANV, MADA, THOIGIAN)  VALUES ('NV044', 'DA0001', to_date('25/06/2023', 'DD/MM/YYYY'));

INSERT INTO PHANCONG (MANV, MADA, THOIGIAN)  VALUES ('NV044', 'DA0004', to_date('25/06/2023', 'DD/MM/YYYY'));

INSERT INTO PHANCONG (MANV, MADA, THOIGIAN)  VALUES ('NV044', 'DA0006', to_date('25/06/2023', 'DD/MM/YYYY'));

INSERT INTO PHANCONG (MANV, MADA, THOIGIAN)  VALUES ('NV044', 'DA0005', to_date('25/06/2023', 'DD/MM/YYYY'));





INSERT INTO PHANCONG (MANV, MADA, THOIGIAN)  VALUES ('NV045', 'DA0001', to_date('25/06/2023', 'DD/MM/YYYY'));

INSERT INTO PHANCONG (MANV, MADA, THOIGIAN)  VALUES ('NV045', 'DA0002', to_date('25/06/2023', 'DD/MM/YYYY'));

INSERT INTO PHANCONG (MANV, MADA, THOIGIAN)  VALUES ('NV045', 'DA0003', to_date('25/06/2023', 'DD/MM/YYYY'));

INSERT INTO PHANCONG (MANV, MADA, THOIGIAN)  VALUES ('NV045', 'DA0004', to_date('25/06/2023', 'DD/MM/YYYY'));

INSERT INTO PHANCONG (MANV, MADA, THOIGIAN)  VALUES ('NV045', 'DA0005', to_date('25/06/2023', 'DD/MM/YYYY'));


INSERT INTO PHANCONG (MANV, MADA, THOIGIAN)  VALUES ('NV046', 'DA0001', to_date('25/06/2023', 'DD/MM/YYYY'));

INSERT INTO PHANCONG (MANV, MADA, THOIGIAN)  VALUES ('NV046', 'DA0004', to_date('25/06/2023', 'DD/MM/YYYY'));

INSERT INTO PHANCONG (MANV, MADA, THOIGIAN)  VALUES ('NV046', 'DA0006', to_date('25/06/2023', 'DD/MM/YYYY'));

INSERT INTO PHANCONG (MANV, MADA, THOIGIAN)  VALUES ('NV046', 'DA0005', to_date('25/06/2023', 'DD/MM/YYYY'));





INSERT INTO PHANCONG (MANV, MADA, THOIGIAN)  VALUES ('NV047', 'DA0001', to_date('25/06/2023', 'DD/MM/YYYY'));

INSERT INTO PHANCONG (MANV, MADA, THOIGIAN)  VALUES ('NV047', 'DA0002', to_date('25/06/2023', 'DD/MM/YYYY'));

INSERT INTO PHANCONG (MANV, MADA, THOIGIAN)  VALUES ('NV047', 'DA0003', to_date('25/06/2023', 'DD/MM/YYYY'));

INSERT INTO PHANCONG (MANV, MADA, THOIGIAN)  VALUES ('NV047', 'DA0004', to_date('25/06/2023', 'DD/MM/YYYY'));

INSERT INTO PHANCONG (MANV, MADA, THOIGIAN)  VALUES ('NV047', 'DA0005', to_date('25/06/2023', 'DD/MM/YYYY'));


INSERT INTO PHANCONG (MANV, MADA, THOIGIAN)  VALUES ('NV048', 'DA0001', to_date('25/06/2023', 'DD/MM/YYYY'));

INSERT INTO PHANCONG (MANV, MADA, THOIGIAN)  VALUES ('NV048', 'DA0004', to_date('25/06/2023', 'DD/MM/YYYY'));

INSERT INTO PHANCONG (MANV, MADA, THOIGIAN)  VALUES ('NV048', 'DA0006', to_date('25/06/2023', 'DD/MM/YYYY'));

INSERT INTO PHANCONG (MANV, MADA, THOIGIAN)  VALUES ('NV048', 'DA0005', to_date('25/06/2023', 'DD/MM/YYYY'));





INSERT INTO PHANCONG (MANV, MADA, THOIGIAN)  VALUES ('NV049', 'DA0001', to_date('25/06/2023', 'DD/MM/YYYY'));

INSERT INTO PHANCONG (MANV, MADA, THOIGIAN)  VALUES ('NV049', 'DA0002', to_date('25/06/2023', 'DD/MM/YYYY'));

INSERT INTO PHANCONG (MANV, MADA, THOIGIAN)  VALUES ('NV049', 'DA0003', to_date('25/06/2023', 'DD/MM/YYYY'));

INSERT INTO PHANCONG (MANV, MADA, THOIGIAN)  VALUES ('NV049', 'DA0004', to_date('25/06/2023', 'DD/MM/YYYY'));

INSERT INTO PHANCONG (MANV, MADA, THOIGIAN)  VALUES ('NV049', 'DA0005', to_date('25/06/2023', 'DD/MM/YYYY'));


INSERT INTO PHANCONG (MANV, MADA, THOIGIAN)  VALUES ('NV050', 'DA0001', to_date('25/06/2023', 'DD/MM/YYYY'));

INSERT INTO PHANCONG (MANV, MADA, THOIGIAN)  VALUES ('NV050', 'DA0004', to_date('25/06/2023', 'DD/MM/YYYY'));

INSERT INTO PHANCONG (MANV, MADA, THOIGIAN)  VALUES ('NV050', 'DA0006', to_date('25/06/2023', 'DD/MM/YYYY'));

INSERT INTO PHANCONG (MANV, MADA, THOIGIAN)  VALUES ('NV050', 'DA0005', to_date('25/06/2023', 'DD/MM/YYYY'));





INSERT INTO PHANCONG (MANV, MADA, THOIGIAN)  VALUES ('NV051', 'DA0001', to_date('25/06/2023', 'DD/MM/YYYY'));

INSERT INTO PHANCONG (MANV, MADA, THOIGIAN)  VALUES ('NV051', 'DA0002', to_date('25/06/2023', 'DD/MM/YYYY'));

INSERT INTO PHANCONG (MANV, MADA, THOIGIAN)  VALUES ('NV051', 'DA0003', to_date('25/06/2023', 'DD/MM/YYYY'));

INSERT INTO PHANCONG (MANV, MADA, THOIGIAN)  VALUES ('NV051', 'DA0004', to_date('25/06/2023', 'DD/MM/YYYY'));

INSERT INTO PHANCONG (MANV, MADA, THOIGIAN)  VALUES ('NV051', 'DA0005', to_date('25/06/2023', 'DD/MM/YYYY'));


INSERT INTO PHANCONG (MANV, MADA, THOIGIAN)  VALUES ('NV052', 'DA0001', to_date('25/06/2023', 'DD/MM/YYYY'));

INSERT INTO PHANCONG (MANV, MADA, THOIGIAN)  VALUES ('NV052', 'DA0004', to_date('25/06/2023', 'DD/MM/YYYY'));

INSERT INTO PHANCONG (MANV, MADA, THOIGIAN)  VALUES ('NV052', 'DA0006', to_date('25/06/2023', 'DD/MM/YYYY'));

INSERT INTO PHANCONG (MANV, MADA, THOIGIAN)  VALUES ('NV052', 'DA0005', to_date('25/06/2023', 'DD/MM/YYYY'));





INSERT INTO PHANCONG (MANV, MADA, THOIGIAN)  VALUES ('NV053', 'DA0001', to_date('25/06/2023', 'DD/MM/YYYY'));

INSERT INTO PHANCONG (MANV, MADA, THOIGIAN)  VALUES ('NV053', 'DA0002', to_date('25/06/2023', 'DD/MM/YYYY'));

INSERT INTO PHANCONG (MANV, MADA, THOIGIAN)  VALUES ('NV053', 'DA0003', to_date('25/06/2023', 'DD/MM/YYYY'));

INSERT INTO PHANCONG (MANV, MADA, THOIGIAN)  VALUES ('NV053', 'DA0004', to_date('25/06/2023', 'DD/MM/YYYY'));

INSERT INTO PHANCONG (MANV, MADA, THOIGIAN)  VALUES ('NV053', 'DA0005', to_date('25/06/2023', 'DD/MM/YYYY'));


INSERT INTO PHANCONG (MANV, MADA, THOIGIAN)  VALUES ('NV054', 'DA0001', to_date('25/06/2023', 'DD/MM/YYYY'));

INSERT INTO PHANCONG (MANV, MADA, THOIGIAN)  VALUES ('NV054', 'DA0004', to_date('25/06/2023', 'DD/MM/YYYY'));

INSERT INTO PHANCONG (MANV, MADA, THOIGIAN)  VALUES ('NV054', 'DA0006', to_date('25/06/2023', 'DD/MM/YYYY'));

INSERT INTO PHANCONG (MANV, MADA, THOIGIAN)  VALUES ('NV054', 'DA0005', to_date('25/06/2023', 'DD/MM/YYYY'));





INSERT INTO PHANCONG (MANV, MADA, THOIGIAN)  VALUES ('NV055', 'DA0001', to_date('25/06/2023', 'DD/MM/YYYY'));

INSERT INTO PHANCONG (MANV, MADA, THOIGIAN)  VALUES ('NV055', 'DA0002', to_date('25/06/2023', 'DD/MM/YYYY'));

INSERT INTO PHANCONG (MANV, MADA, THOIGIAN)  VALUES ('NV055', 'DA0003', to_date('25/06/2023', 'DD/MM/YYYY'));

INSERT INTO PHANCONG (MANV, MADA, THOIGIAN)  VALUES ('NV055', 'DA0004', to_date('25/06/2023', 'DD/MM/YYYY'));

INSERT INTO PHANCONG (MANV, MADA, THOIGIAN)  VALUES ('NV055', 'DA0005', to_date('25/06/2023', 'DD/MM/YYYY'));


INSERT INTO PHANCONG (MANV, MADA, THOIGIAN)  VALUES ('NV056', 'DA0001', to_date('25/06/2023', 'DD/MM/YYYY'));

INSERT INTO PHANCONG (MANV, MADA, THOIGIAN)  VALUES ('NV056', 'DA0004', to_date('25/06/2023', 'DD/MM/YYYY'));

INSERT INTO PHANCONG (MANV, MADA, THOIGIAN)  VALUES ('NV056', 'DA0006', to_date('25/06/2023', 'DD/MM/YYYY'));

INSERT INTO PHANCONG (MANV, MADA, THOIGIAN)  VALUES ('NV056', 'DA0005', to_date('25/06/2023', 'DD/MM/YYYY'));





INSERT INTO PHANCONG (MANV, MADA, THOIGIAN)  VALUES ('NV057', 'DA0001', to_date('25/06/2023', 'DD/MM/YYYY'));

INSERT INTO PHANCONG (MANV, MADA, THOIGIAN)  VALUES ('NV057', 'DA0002', to_date('25/06/2023', 'DD/MM/YYYY'));

INSERT INTO PHANCONG (MANV, MADA, THOIGIAN)  VALUES ('NV057', 'DA0003', to_date('25/06/2023', 'DD/MM/YYYY'));

INSERT INTO PHANCONG (MANV, MADA, THOIGIAN)  VALUES ('NV057', 'DA0004', to_date('25/06/2023', 'DD/MM/YYYY'));

INSERT INTO PHANCONG (MANV, MADA, THOIGIAN)  VALUES ('NV057', 'DA0005', to_date('25/06/2023', 'DD/MM/YYYY'));


INSERT INTO PHANCONG (MANV, MADA, THOIGIAN)  VALUES ('NV058', 'DA0001', to_date('25/06/2023', 'DD/MM/YYYY'));

INSERT INTO PHANCONG (MANV, MADA, THOIGIAN)  VALUES ('NV058', 'DA0004', to_date('25/06/2023', 'DD/MM/YYYY'));

INSERT INTO PHANCONG (MANV, MADA, THOIGIAN)  VALUES ('NV058', 'DA0006', to_date('25/06/2023', 'DD/MM/YYYY'));

INSERT INTO PHANCONG (MANV, MADA, THOIGIAN)  VALUES ('NV058', 'DA0005', to_date('25/06/2023', 'DD/MM/YYYY'));





INSERT INTO PHANCONG (MANV, MADA, THOIGIAN)  VALUES ('NV059', 'DA0001', to_date('25/06/2023', 'DD/MM/YYYY'));

INSERT INTO PHANCONG (MANV, MADA, THOIGIAN)  VALUES ('NV059', 'DA0002', to_date('25/06/2023', 'DD/MM/YYYY'));

INSERT INTO PHANCONG (MANV, MADA, THOIGIAN)  VALUES ('NV059', 'DA0003', to_date('25/06/2023', 'DD/MM/YYYY'));

INSERT INTO PHANCONG (MANV, MADA, THOIGIAN)  VALUES ('NV059', 'DA0004', to_date('25/06/2023', 'DD/MM/YYYY'));

INSERT INTO PHANCONG (MANV, MADA, THOIGIAN)  VALUES ('NV059', 'DA0005', to_date('25/06/2023', 'DD/MM/YYYY'));


INSERT INTO PHANCONG (MANV, MADA, THOIGIAN)  VALUES ('NV060', 'DA0001', to_date('25/06/2023', 'DD/MM/YYYY'));

INSERT INTO PHANCONG (MANV, MADA, THOIGIAN)  VALUES ('NV060', 'DA0004', to_date('25/06/2023', 'DD/MM/YYYY'));

INSERT INTO PHANCONG (MANV, MADA, THOIGIAN)  VALUES ('NV060', 'DA0006', to_date('25/06/2023', 'DD/MM/YYYY'));

INSERT INTO PHANCONG (MANV, MADA, THOIGIAN)  VALUES ('NV060', 'DA0005', to_date('25/06/2023', 'DD/MM/YYYY'));





INSERT INTO PHANCONG (MANV, MADA, THOIGIAN)  VALUES ('NV061', 'DA0001', to_date('25/06/2023', 'DD/MM/YYYY'));

INSERT INTO PHANCONG (MANV, MADA, THOIGIAN)  VALUES ('NV061', 'DA0002', to_date('25/06/2023', 'DD/MM/YYYY'));

INSERT INTO PHANCONG (MANV, MADA, THOIGIAN)  VALUES ('NV061', 'DA0003', to_date('25/06/2023', 'DD/MM/YYYY'));

INSERT INTO PHANCONG (MANV, MADA, THOIGIAN)  VALUES ('NV061', 'DA0004', to_date('25/06/2023', 'DD/MM/YYYY'));

INSERT INTO PHANCONG (MANV, MADA, THOIGIAN)  VALUES ('NV061', 'DA0005', to_date('25/06/2023', 'DD/MM/YYYY'));


INSERT INTO PHANCONG (MANV, MADA, THOIGIAN)  VALUES ('NV062', 'DA0001', to_date('25/06/2023', 'DD/MM/YYYY'));

INSERT INTO PHANCONG (MANV, MADA, THOIGIAN)  VALUES ('NV062', 'DA0004', to_date('25/06/2023', 'DD/MM/YYYY'));

INSERT INTO PHANCONG (MANV, MADA, THOIGIAN)  VALUES ('NV062', 'DA0006', to_date('25/06/2023', 'DD/MM/YYYY'));

INSERT INTO PHANCONG (MANV, MADA, THOIGIAN)  VALUES ('NV062', 'DA0005', to_date('25/06/2023', 'DD/MM/YYYY'));





INSERT INTO PHANCONG (MANV, MADA, THOIGIAN)  VALUES ('NV063', 'DA0001', to_date('25/06/2023', 'DD/MM/YYYY'));

INSERT INTO PHANCONG (MANV, MADA, THOIGIAN)  VALUES ('NV063', 'DA0002', to_date('25/06/2023', 'DD/MM/YYYY'));

INSERT INTO PHANCONG (MANV, MADA, THOIGIAN)  VALUES ('NV063', 'DA0003', to_date('25/06/2023', 'DD/MM/YYYY'));

INSERT INTO PHANCONG (MANV, MADA, THOIGIAN)  VALUES ('NV063', 'DA0004', to_date('25/06/2023', 'DD/MM/YYYY'));

INSERT INTO PHANCONG (MANV, MADA, THOIGIAN)  VALUES ('NV063', 'DA0005', to_date('25/06/2023', 'DD/MM/YYYY'));


INSERT INTO PHANCONG (MANV, MADA, THOIGIAN)  VALUES ('NV064', 'DA0001', to_date('25/06/2023', 'DD/MM/YYYY'));

INSERT INTO PHANCONG (MANV, MADA, THOIGIAN)  VALUES ('NV064', 'DA0004', to_date('25/06/2023', 'DD/MM/YYYY'));

INSERT INTO PHANCONG (MANV, MADA, THOIGIAN)  VALUES ('NV064', 'DA0006', to_date('25/06/2023', 'DD/MM/YYYY'));

INSERT INTO PHANCONG (MANV, MADA, THOIGIAN)  VALUES ('NV064', 'DA0005', to_date('25/06/2023', 'DD/MM/YYYY'));





INSERT INTO PHANCONG (MANV, MADA, THOIGIAN)  VALUES ('NV065', 'DA0001', to_date('25/06/2023', 'DD/MM/YYYY'));

INSERT INTO PHANCONG (MANV, MADA, THOIGIAN)  VALUES ('NV065', 'DA0002', to_date('25/06/2023', 'DD/MM/YYYY'));

INSERT INTO PHANCONG (MANV, MADA, THOIGIAN)  VALUES ('NV065', 'DA0003', to_date('25/06/2023', 'DD/MM/YYYY'));

INSERT INTO PHANCONG (MANV, MADA, THOIGIAN)  VALUES ('NV065', 'DA0004', to_date('25/06/2023', 'DD/MM/YYYY'));

INSERT INTO PHANCONG (MANV, MADA, THOIGIAN)  VALUES ('NV065', 'DA0005', to_date('25/06/2023', 'DD/MM/YYYY'));


INSERT INTO PHANCONG (MANV, MADA, THOIGIAN)  VALUES ('NV066', 'DA0001', to_date('25/06/2023', 'DD/MM/YYYY'));

INSERT INTO PHANCONG (MANV, MADA, THOIGIAN)  VALUES ('NV066', 'DA0004', to_date('25/06/2023', 'DD/MM/YYYY'));

INSERT INTO PHANCONG (MANV, MADA, THOIGIAN)  VALUES ('NV066', 'DA0006', to_date('25/06/2023', 'DD/MM/YYYY'));

INSERT INTO PHANCONG (MANV, MADA, THOIGIAN)  VALUES ('NV066', 'DA0005', to_date('25/06/2023', 'DD/MM/YYYY'));





INSERT INTO PHANCONG (MANV, MADA, THOIGIAN)  VALUES ('NV067', 'DA0001', to_date('25/06/2023', 'DD/MM/YYYY'));

INSERT INTO PHANCONG (MANV, MADA, THOIGIAN)  VALUES ('NV067', 'DA0002', to_date('25/06/2023', 'DD/MM/YYYY'));

INSERT INTO PHANCONG (MANV, MADA, THOIGIAN)  VALUES ('NV067', 'DA0003', to_date('25/06/2023', 'DD/MM/YYYY'));

INSERT INTO PHANCONG (MANV, MADA, THOIGIAN)  VALUES ('NV067', 'DA0004', to_date('25/06/2023', 'DD/MM/YYYY'));

INSERT INTO PHANCONG (MANV, MADA, THOIGIAN)  VALUES ('NV067', 'DA0005', to_date('25/06/2023', 'DD/MM/YYYY'));

